,Class,Content
0,False,"[0.2679659051742384, 0.9110840775924105, 0.018830836494250654, 0.018830836494250654, 0.05649250948275196, 0.0, 0.018830836494250654, 0.0, 0.018830836494250654, 0.03766167298850131, 0.05649250948275196, 0.018830836494250654, 0.018830836494250654, 0.01339829525871192, 0.05649250948275196, 0.03766167298850131, 0.0, 0.018830836494250654, 0.018830836494250654, 0.018830836494250654, 0.0, 0.018830836494250654, 0.0, 0.01339829525871192, 0.0, 0.018830836494250654, 0.018830836494250654, 0.018830836494250654, 0.07532334597700262, 0.0, 0.0, 0.01339829525871192, 0.018830836494250654, 0.0, 0.0669914762935596, 0.018830836494250654, 0.018830836494250654, 0.0, 0.018830836494250654, 0.0, 0.018830836494250654, 0.018830836494250654, 0.018830836494250654, 0.0, 0.018830836494250654, 0.018830836494250654, 0.018830836494250654, 0.018830836494250654, 0.0, 0.03766167298850131, 0.018830836494250654, 0.1694775284482559, 0.0, 0.018830836494250654, 0.018830836494250654, 0.0, 0.018830836494250654, 0.018830836494250654, 0.018830836494250654, 0.0, 0.0, 0.018830836494250654, 0.05649250948275196, 0.018830836494250654, 0.0, 0.018830836494250654, 0.03766167298850131, 0.15064669195400524, 0.01339829525871192, 0.018830836494250654, 0.018830836494250654, 0.02679659051742384, 0.0, 0.05649250948275196, 0.018830836494250654, 0.0, 0.018830836494250654, 0.018830836494250654, 0.0]"
1,True,"[0.6251512803536461, 0.7354720945337012, 0.0, 0.0, 0.0, 0.051684018342717325, 0.0, 0.051684018342717325, 0.0, 0.0, 0.0, 0.0, 0.0, 0.03677360472668506, 0.0, 0.0, 0.051684018342717325, 0.0, 0.0, 0.0, 0.051684018342717325, 0.0, 0.051684018342717325, 0.03677360472668506, 0.051684018342717325, 0.0, 0.0, 0.0, 0.0, 0.051684018342717325, 0.051684018342717325, 0.03677360472668506, 0.0, 0.051684018342717325, 0.07354720945337012, 0.0, 0.0, 0.051684018342717325, 0.0, 0.051684018342717325, 0.0, 0.0, 0.0, 0.051684018342717325, 0.0, 0.0, 0.0, 0.0, 0.051684018342717325, 0.0, 0.0, 0.0, 0.051684018342717325, 0.0, 0.0, 0.051684018342717325, 0.0, 0.0, 0.0, 0.051684018342717325, 0.051684018342717325, 0.0, 0.0, 0.0, 0.051684018342717325, 0.0, 0.0, 0.0, 0.03677360472668506, 0.0, 0.0, 0.03677360472668506, 0.051684018342717325, 0.0, 0.0, 0.051684018342717325, 0.0, 0.0, 0.051684018342717325]"
